seed,lstm_test_mae,lstm_test_rmse,lstm_test_r2,lstm_holdout_mae,lstm_holdout_rmse,lstm_holdout_r2,best_epoch,random_forest_test_mae,random_forest_test_rmse,random_forest_test_r2,random_forest_holdout_mae,random_forest_holdout_rmse,random_forest_holdout_r2
7,0.002178848022595048,0.0027765283940329143,0.9956784989711851,0.004018121864646673,0.005291116777471764,0.9873608598615325,18,0.0052612627809632325,0.008869052214238626,0.9559054602994427,0.006113373283989299,0.008847880763027588,0.9648183300689042
21,0.002092565642669797,0.0026841217426565337,0.9959613631150217,0.00341459596529603,0.004752935410828355,0.9898012562335909,10,0.005429394976597199,0.008998566304353008,0.9546082389717253,0.005983736999024029,0.008620467316892548,0.966603608276903
42,0.0021204082295298576,0.0027021152175776154,0.99590703404911,0.003698076121509075,0.005011821217281058,0.9886599759530615,19,0.005244745450727983,0.008794527925699442,0.956643376358224,0.006086088313678801,0.008717445055781486,0.9658479824650014
