seed,lstm_test_mae,lstm_test_rmse,lstm_test_r2,lstm_holdout_mae,lstm_holdout_rmse,lstm_holdout_r2,best_epoch,random_forest_test_mae,random_forest_test_rmse,random_forest_test_r2,random_forest_holdout_mae,random_forest_holdout_rmse,random_forest_holdout_r2
7,0.003474060446023941,0.004635001796459875,0.838802045413347,0.0030823166016489267,0.00394069698236953,0.9737865046157046,8,0.0034038650690546507,0.004259062377171134,0.8638907397985707,0.00390346235832863,0.00495730242942295,0.9584799161500124
21,0.003364174859598279,0.004516061665188656,0.8469689889423463,0.0029807344544678926,0.003832871416992369,0.9752013891755388,7,0.0034240935700290804,0.0042917544515225,0.8617932022048607,0.0038930712615494025,0.004936088889283809,0.9588345055346885
42,0.0034270721953362226,0.00454360731093881,0.8450964768029978,0.0030581695027649403,0.0039185109443015745,0.9740808350780197,8,0.003403177247939389,0.004271491410535525,0.8630951773942682,0.003839166582069549,0.00486825108224078,0.959958224097648
