{
  "train_config": "configs\\deep-learning\\lstm-residual-v2-flex-last-mean.json",
  "holdout_path": "data\\processed\\v2_holdout_pdu_flex\\full.parquet",
  "python_executable": "C:\\Users\\22208\\anaconda3\\envs\\dc-energy\\python.exe",
  "seeds": [
    42,
    7,
    21
  ],
  "baseline_models": [
    "random_forest"
  ],
  "deep_model": "lstm",
  "deep_runs": [
    {
      "seed": 42,
      "checkpoint": "reports\\comparisons\\v2_holdout_repeated_flex_last_mean\\deep-models\\seed42\\lstm_best.pt",
      "best_epoch": 13,
      "test_metrics": {
        "mae": 0.002648552181199193,
        "rmse": 0.0033059370184932036,
        "mape": 0.004202261567115784,
        "smape": 0.004201286938041449,
        "r2": 0.9938733994988842
      },
      "holdout_metrics": {
        "mae": 0.0026658824644982815,
        "rmse": 0.0039354475066647404,
        "mape": 0.004007520619779825,
        "smape": 0.004006132949143648,
        "r2": 0.9930078445808196
      }
    },
    {
      "seed": 7,
      "checkpoint": "reports\\comparisons\\v2_holdout_repeated_flex_last_mean\\deep-models\\seed7\\lstm_best.pt",
      "best_epoch": 15,
      "test_metrics": {
        "mae": 0.0026481812819838524,
        "rmse": 0.0033130629280890026,
        "mape": 0.004186663776636124,
        "smape": 0.004191351123154163,
        "r2": 0.9938469596996096
      },
      "holdout_metrics": {
        "mae": 0.002660603728145361,
        "rmse": 0.003975134429780874,
        "mape": 0.003995798993855715,
        "smape": 0.003996133804321289,
        "r2": 0.9928661091366806
      }
    },
    {
      "seed": 21,
      "checkpoint": "reports\\comparisons\\v2_holdout_repeated_flex_last_mean\\deep-models\\seed21\\lstm_best.pt",
      "best_epoch": 11,
      "test_metrics": {
        "mae": 0.002562545472756028,
        "rmse": 0.0032294952527489604,
        "mape": 0.00406980887055397,
        "smape": 0.004067403730005026,
        "r2": 0.9941534493295814
      },
      "holdout_metrics": {
        "mae": 0.0026589843910187483,
        "rmse": 0.003931397418135339,
        "mape": 0.003997224848717451,
        "smape": 0.003994939848780632,
        "r2": 0.993022228961564
      }
    }
  ],
  "baseline_runs": [
    {
      "model": "random_forest",
      "random_seed": 42,
      "features": [
        "instance_count",
        "collection_count",
        "machine_count",
        "total_cpu_usage",
        "avg_cpu_usage",
        "max_cpu_usage",
        "hour",
        "day_of_week",
        "is_weekend",
        "prev_measured_power_util",
        "prev_total_cpu_usage"
      ],
      "val": {
        "mae": 0.00488542241044557,
        "rmse": 0.008204443790790637,
        "mape": 0.007922400365228087,
        "smape": 0.007848031683795097,
        "r2": 0.9635579323477177
      },
      "test": {
        "mae": 0.005244745450727983,
        "rmse": 0.008794527925699442,
        "mape": 0.008703740397200309,
        "smape": 0.00859813040075833,
        "r2": 0.956643376358224
      },
      "holdout": {
        "mae": 0.006086088313678801,
        "rmse": 0.008717445055781486,
        "mape": 0.009391762355624118,
        "smape": 0.009314732445002203,
        "r2": 0.9658479824650014
      },
      "seed": 42
    },
    {
      "model": "random_forest",
      "random_seed": 7,
      "features": [
        "instance_count",
        "collection_count",
        "machine_count",
        "total_cpu_usage",
        "avg_cpu_usage",
        "max_cpu_usage",
        "hour",
        "day_of_week",
        "is_weekend",
        "prev_measured_power_util",
        "prev_total_cpu_usage"
      ],
      "val": {
        "mae": 0.004911842457851745,
        "rmse": 0.008321996441514868,
        "mape": 0.007964519555350548,
        "smape": 0.007887860836335948,
        "r2": 0.9625061727931542
      },
      "test": {
        "mae": 0.0052612627809632325,
        "rmse": 0.008869052214238626,
        "mape": 0.008731891764101935,
        "smape": 0.00862459971036747,
        "r2": 0.9559054602994427
      },
      "holdout": {
        "mae": 0.006113373283989299,
        "rmse": 0.008847880763027588,
        "mape": 0.009468128885708589,
        "smape": 0.009386992995370734,
        "r2": 0.9648183300689042
      },
      "seed": 7
    },
    {
      "model": "random_forest",
      "random_seed": 21,
      "features": [
        "instance_count",
        "collection_count",
        "machine_count",
        "total_cpu_usage",
        "avg_cpu_usage",
        "max_cpu_usage",
        "hour",
        "day_of_week",
        "is_weekend",
        "prev_measured_power_util",
        "prev_total_cpu_usage"
      ],
      "val": {
        "mae": 0.004910177696142976,
        "rmse": 0.008169665936393948,
        "mape": 0.00796180417619511,
        "smape": 0.007888462544653856,
        "r2": 0.9638662264405411
      },
      "test": {
        "mae": 0.005429394976597199,
        "rmse": 0.008998566304353008,
        "mape": 0.009012053414641565,
        "smape": 0.00890145892106955,
        "r2": 0.9546082389717253
      },
      "holdout": {
        "mae": 0.005983736999024029,
        "rmse": 0.008620467316892548,
        "mape": 0.009257797116611052,
        "smape": 0.009182141483411963,
        "r2": 0.966603608276903
      },
      "seed": 21
    }
  ],
  "deep_test_summary": {
    "mae": {
      "mean": 0.0026197596453130245,
      "std": 4.045681275626558e-05
    },
    "rmse": {
      "mean": 0.0032828317331103887,
      "std": 3.782661981462842e-05
    },
    "r2": {
      "mean": 0.993957936176025,
      "std": 0.00013866941661514634
    }
  },
  "deep_holdout_summary": {
    "mae": {
      "mean": 0.0026618235278874636,
      "std": 2.9452547134201054e-06
    },
    "rmse": {
      "mean": 0.003947326451526984,
      "std": 1.9732604916746065e-05
    },
    "r2": {
      "mean": 0.9929653942263549,
      "std": 7.045033416551586e-05
    }
  },
  "baseline_summaries": {
    "random_forest": {
      "test": {
        "mae": {
          "mean": 0.005311801069429471,
          "std": 8.342442009289651e-05
        },
        "rmse": {
          "mean": 0.008887382148097025,
          "std": 8.430067159611439e-05
        },
        "r2": {
          "mean": 0.9557190252097975,
          "std": 0.0008412350355160479
        }
      },
      "holdout": {
        "mae": {
          "mean": 0.006061066198897377,
          "std": 5.580305407412901e-05
        },
        "rmse": {
          "mean": 0.008728597711900541,
          "std": 9.31754802317865e-05
        },
        "r2": {
          "mean": 0.9657566402702695,
          "std": 0.0007316930674322696
        }
      }
    }
  },
  "winner_counts_vs_random_forest": {
    "mae": 3,
    "rmse": 3,
    "r2": 3
  }
}