seed,lstm_test_mae,lstm_test_rmse,lstm_test_r2,lstm_holdout_mae,lstm_holdout_rmse,lstm_holdout_r2,best_epoch,random_forest_test_mae,random_forest_test_rmse,random_forest_test_r2,random_forest_holdout_mae,random_forest_holdout_rmse,random_forest_holdout_r2
7,0.0026481812819838524,0.0033130629280890026,0.9938469596996096,0.002660603728145361,0.003975134429780874,0.9928661091366806,15,0.0052612627809632325,0.008869052214238626,0.9559054602994427,0.006113373283989299,0.008847880763027588,0.9648183300689042
21,0.002562545472756028,0.0032294952527489604,0.9941534493295814,0.0026589843910187483,0.003931397418135339,0.993022228961564,11,0.005429394976597199,0.008998566304353008,0.9546082389717253,0.005983736999024029,0.008620467316892548,0.966603608276903
42,0.002648552181199193,0.0033059370184932036,0.9938733994988842,0.0026658824644982815,0.0039354475066647404,0.9930078445808196,13,0.005244745450727983,0.008794527925699442,0.956643376358224,0.006086088313678801,0.008717445055781486,0.9658479824650014
