model,val_mae,val_rmse,test_mae,test_rmse,test_r2
random_forest,0.003278452565217791,0.004162080939232917,0.0037501001830280906,0.004754808993800291,0.9207150389615363
