seed,lstm_test_mae,lstm_test_rmse,lstm_test_r2,lstm_holdout_mae,lstm_holdout_rmse,lstm_holdout_r2,best_epoch,random_forest_test_mae,random_forest_test_rmse,random_forest_test_r2,random_forest_holdout_mae,random_forest_holdout_rmse,random_forest_holdout_r2
7,0.0021519185975193977,0.0027893617385101083,0.995638457758006,0.003101723501458764,0.004444543875809025,0.9910817992989196,15,0.0052612627809632325,0.008869052214238626,0.9559054602994427,0.006113373283989299,0.008847880763027588,0.9648183300689042
21,0.002270549302920699,0.0028635489121402904,0.9954033695271234,0.0031915847212076187,0.00456150590415583,0.9906062427007217,26,0.005429394976597199,0.008998566304353008,0.9546082389717253,0.005983736999024029,0.008620467316892548,0.966603608276903
42,0.0020739350002259016,0.0026978269883760216,0.995920014713485,0.0030544190667569637,0.004359839976125402,0.9914184854895061,21,0.005244745450727983,0.008794527925699442,0.956643376358224,0.006086088313678801,0.008717445055781486,0.9658479824650014
