model,val_mae,val_rmse,test_mae,test_rmse,test_r2
random_forest,0.0032710632197407025,0.004225781544995867,0.0038355029222653853,0.004876816530868513,0.9165939601951361
