model,val_mae,val_rmse,test_mae,test_rmse,test_r2
random_forest,0.0032710632197407025,0.004225781544995867,0.0038355029222653853,0.004876816530868513,0.9165939601951361
persistence,0.0034961240310077473,0.004396087055023908,0.004030303030303024,0.005081159495448038,0.9094579504862255
linear_regression,0.010229219612748267,0.012320420911796835,0.012003978014222668,0.01528272535620245,0.180920072530953
ridge,0.009965833329352596,0.012301736783911194,0.012490697586257076,0.01609761335402873,0.09124324947052054
cpu_heuristic,0.01473422048232776,0.018300643117306937,0.015001557905546309,0.018767703232888157,-0.2352274124154694
moving_average,454.6995466854775,455.38215337442927,447.39609018947135,448.1187931517266,-704224257.9407402
