model,val_mae,val_rmse,test_mae,test_rmse,test_r2
random_forest,0.003348581456203873,0.004230189897268785,0.003832684082006597,0.004861265690037299,0.9171250304524871
