model,val_mae,val_rmse,test_mae,test_rmse,test_r2
persistence,0.003195555555555557,0.005597221532947299,0.0021626373626373635,0.002902064441389616,0.9952788859310215
random_forest,0.00488542241044557,0.008204443790790637,0.005244745450727983,0.008794527925699442,0.956643376358224
linear_regression,0.016227230454833975,0.021105589238849247,0.016326639989278035,0.020322886604069012,0.7684732487546206
ridge,0.023126037488898795,0.026754767908336665,0.02299219991715512,0.027139941508809176,0.5870968418167188
cpu_heuristic,0.0339615401787566,0.03897687347775371,0.04020034433190418,0.0458991634278504,-0.18097289497661917
moving_average,269.4597475933329,271.9311078138158,268.72309876290626,271.2770311006622,-41253084.56757824
