seed,lstm_test_mae,lstm_test_rmse,lstm_test_r2,lstm_holdout_mae,lstm_holdout_rmse,lstm_holdout_r2,best_epoch,random_forest_test_mae,random_forest_test_rmse,random_forest_test_r2,random_forest_holdout_mae,random_forest_holdout_rmse,random_forest_holdout_r2
7,0.003231234848499298,0.00426675637062118,0.9915576639324842,0.003223958658054471,0.0041250752347687806,0.9935273844803887,6,0.0035541167240915605,0.004504681310126737,0.990589881194687,0.004200016479299037,0.0052966224684314585,0.9894414511619255
21,0.003470816882327199,0.004468192661594549,0.9907417102610262,0.0032913023605942726,0.004179077461129009,0.9933568066202287,9,0.003598335696564069,0.004557479879496668,0.9903679997928504,0.004200895993037941,0.0052883885032940035,0.9894742536308311
42,0.003239608136937022,0.004281918879678093,0.9914975545781974,0.0033775377087295055,0.004277325313345485,0.993040779017297,2,0.003565274340549207,0.004515169105474014,0.9905460129251958,0.0041464390888624825,0.0052207453322100405,0.9897417987779641
